idea_number,master_title,concept,pillar,universal_hashtags,is_favorite,last_posted_date,idea_audio_memo,idea_audio_memo_duration,resources,status,post_sequence_counter,id,created_date,updated_date,created_by_id,created_by,is_sample
"102","Idea Title 2","AI slop vs. real creativity: where your channel lands in 2026
Many creators in this group are experimenting with AI. Some feel excited. Some feel overwhelmed. Some are worried about falling behind.

Here‚Äôs what YouTube‚Äôs CEO Neal Mohan just added to that conversation:
""The rise of AI has raised concerns about low-quality content, aka ‚ÄòAI slop.‚Äô With this openness comes a responsibility to maintain the high quality viewing experience that people want. To reduce the spread of low quality AI content, we‚Äôre actively building on our established systems that have been very successful in combatting spam and clickbait, and reducing the spread of low quality, repetitive content.""
This tells us something important about strategy:
YouTube isn‚Äôt only looking at how often you upload
It‚Äôs looking at whether your videos create a quality viewing experience for real people
What this looks like in my own workflow:
In my own case, AI only started helping when I stopped treating it like a magic button and started folding it into a system. I used AI and simple video templates to take some of the friction out of scripting, planning, and repurposing, especially on days when my energy wasn‚Äôt predictable. What actually moved the needle, though, wasn‚Äôt ‚Äúmore output‚Äù - it was my judgment about what to keep, what to cut, and how to make each piece feel like me instead of a generic AI script.
From a channel growth point of view, here‚Äôs how I‚Äôd suggest we think about AI:
üîπ Use AI to reduce friction (ideas, outlines, repurposing)
üîπ Keep the human layer for stories, opinions, and specific examples
üîπ Aim for videos that someone could watch and say, ""That felt real and it helped me""

You don‚Äôt need to out‚Äëpublish everyone. You need a sustainable workflow that produces content you‚Äôre proud to put your name on.
üéØ Comment with one way you‚Äôre currently using AI (or considering it) that you believe actually makes your content better, not just faster.
If you share, I‚Äôll circle back with thoughts on how to keep those uses firmly on the ""anti‚Äëslop"" side.","pillar-1766-4117","#AI #Creativity #ContentCreation #YouTubeStrategy #QualityContent #AIinContent #DigitalCreativity #FutureOfContent #ContentCreators #VideoProduction #CreativityVsAI #AntiSlop #YouTubeCommunity #AIIntegration #ContentWorkflow","false","","https://base44.app/api/apps/696d0019e74d99e5ec9b9e1e/files/public/696d0019e74d99e5ec9b9e1e/dc16c2b7a_recording-1769369399512.webm","4.68","[{""type"":""web_link"",""label"":""Gord Isman website link"",""uri"":""https://gordisman.com/""},{""type"":""gdrive"",""label"":""CAS Infographic link"",""uri"":""https://drive.google.com/file/d/1XhKau_b0MHxEvHXxox45O5NHzVOKbMU8/view?usp=drive_link""}]","ready","1","69766f9f5d22d6932eb5579e","2026-01-25T19:31:43.395000","2026-01-25T19:36:10.286000","696d0019e74d99e5ec9b9e1f","gord.isman@gmail.com","false"
"101","Idea 1 Title","This is the Concept/Narrative Hook field input where you would detail your idea.
This could be a full post or many posts to spawn - the raw text.","pillar-1766-4118","#Idea1 #CreativeConcept #Innovation #ThinkOutsideTheBox #Storytelling #NarrativeDesign #ContentCreation #ExploreIdeas #Inspiration #ConceptArt #CreativeThinking #Visionary #MindsetShift #EngageYourAudience #IdeaExchange","false","","","","[{""type"":""gdrive"",""label"":""Link for Use Cases PDF"",""uri"":""https://drive.google.com/file/d/1yZYXFlrbKxvQbbkXqtXltuPZ-xNag_7U/view?usp=sharing""},{""type"":""local_file"",""label"":""Support ticket image"",""uri"":""I:\\Base44 Apps\\Support\\credit snapshots 20-Jan-26.png""}]","ready","1","69766ed5cc33a7b1b4252565","2026-01-25T19:28:21.376000","2026-01-25T19:34:47.692000","696d0019e74d99e5ec9b9e1f","gord.isman@gmail.com","false"